customer_id,name,phone,address,created_at
1,Ravi,9000000001,Hyderabad,"2025-11-01 14:08:39"
2,Sita,9000000002,Vizag,"2025-11-01 14:08:39"
3,Kumar,9000000003,Vijayawada,"2025-11-01 14:08:39"
4,Aarav,9876543210,Hyderabad,"2025-11-04 10:27:09"
5,"Priya Sharma",9100000012,Vizag,"2025-11-04 10:27:09"
6,"Arjun Reddy",9100000003,Vijayawada,"2025-11-04 10:27:09"
7,"Kavya Nair",9000000004,Guntur,"2025-11-04 10:27:09"
8,"Sandeep Rao",9000000005,Hyderabad,"2025-11-04 10:27:09"
9,"Swetha Das",9000000006,Rajahmundry,"2025-11-04 10:27:09"
10,"Rahul Jain",9000000007,Kurnool,"2025-11-04 10:27:09"
11,"Divya Iyer",9000000008,Vijayawada,"2025-11-04 10:27:09"
12,"Vamsi Krishna",9000000009,Vizag,"2025-11-04 10:27:09"
13,"Tejaswini G",9000000010,Warangal,"2025-11-04 10:27:09"
14,"Kiran Babu",9000000011,Hyderabad,"2025-11-04 10:27:09"
15,"Meena Reddy",9000000012,Vijayawada,"2025-11-04 10:27:09"
16,"Pavan Kumar",9000000013,Guntur,"2025-11-04 10:27:09"
17,"Aishwarya G",9000000014,Vizag,"2025-11-04 10:27:09"
18,"Lokesh Varma",9000000015,Hyderabad,"2025-11-04 10:27:09"
19,"Nisha Patil",9000000016,Rajahmundry,"2025-11-04 10:27:09"
20,"Manoj Sai",9000000017,Kurnool,"2025-11-04 10:27:09"
21,"Harika Devi",9000000018,Tirupati,"2025-11-04 10:27:09"
22,"Rohit Rao",9000000019,Hyderabad,"2025-11-04 10:27:09"
23,"Chandana K",9000000020,Vizag,"2025-11-04 10:27:09"
24,"Sravani R",9000000021,Vijayawada,"2025-11-04 10:27:09"
25,"Gopi Krishna",9000000022,Hyderabad,"2025-11-04 10:27:09"
26,"Anjali Das",9000000023,Rajahmundry,"2025-11-04 10:27:09"
27,"Srikar V",9000000024,Guntur,"2025-11-04 10:27:09"
28,"Deepika P",9000000025,Vizag,"2025-11-04 10:27:09"
29,"Vivek N",9000000026,Hyderabad,"2025-11-04 10:27:09"
30,"Lavanya T",9000000027,Vijayawada,"2025-11-04 10:27:09"
31,"Sai Teja",9000000028,Tirupati,"2025-11-04 10:27:09"
32,"Bhavana L",9000000029,Vizag,"2025-11-04 10:27:09"
33,"Karthik D",9000000030,Hyderabad,"2025-11-04 10:27:09"
34,"Sneha P",9000000031,Warangal,"2025-11-04 10:27:09"
35,"Madhav R",9000000032,Guntur,"2025-11-04 10:27:09"
36,"Neha A",9000000033,Vizag,"2025-11-04 10:27:09"
37,"Surya V",9000000034,Rajahmundry,"2025-11-04 10:27:09"
38,"Monica G",9000000035,Vijayawada,"2025-11-04 10:27:09"
39,"Tarun K",9000000036,Hyderabad,"2025-11-04 10:27:09"
40,"Varsha R",9000000037,Vizag,"2025-11-04 10:27:09"
41,"Anil Kumar",9000000038,Tirupati,"2025-11-04 10:27:09"
42,"Pooja S",9000000039,Hyderabad,"2025-11-04 10:27:09"
43,"Akhil Reddy",9000000040,Warangal,"2025-11-04 10:27:09"
44,"Keerthi S",9000000041,Vijayawada,"2025-11-04 10:27:09"
45,"Charan K",9000000042,Guntur,"2025-11-04 10:27:09"
46,"Harini P",9000000043,Vizag,"2025-11-04 10:27:09"
47,"Sumanth R",9000000044,Rajahmundry,"2025-11-04 10:27:09"
48,"Meghana V",9000000045,Hyderabad,"2025-11-04 10:27:09"
49,"Rakesh G",9000000046,Vijayawada,"2025-11-04 10:27:09"
50,"Anusha S",9000000047,Vizag,"2025-11-04 10:27:09"
51,"Vijay T",9000000048,Tirupati,"2025-11-04 10:27:09"
52,"Snehalatha G",9000000049,Guntur,"2025-11-04 10:27:09"
53,"Krishna M",9000000050,Hyderabad,"2025-11-04 10:27:09"
54,"Shreya R",9000000051,Warangal,"2025-11-04 10:27:09"
55,"Dinesh K",9000000052,Vizag,"2025-11-04 10:27:09"
56,"Trisha A",9000000053,Rajahmundry,"2025-11-04 10:27:09"
57,"Vinay B",9000000054,Vijayawada,"2025-11-04 10:27:09"
58,"Harsha V",9000000055,Hyderabad,"2025-11-04 10:27:09"
59,"Aarti N",9000000056,Vizag,"2025-11-04 10:27:09"
60,"Rithvik D",9000000057,Guntur,"2025-11-04 10:27:09"
61,"Navya S",9000000058,Tirupati,"2025-11-04 10:27:09"
62,"Kiran R",9000000059,Hyderabad,"2025-11-04 10:27:09"
63,"Shruthi G",9000000060,Vijayawada,"2025-11-04 10:27:09"
64,"Abhinav K",9000000061,Vizag,"2025-11-04 10:27:09"
65,"Divya P",9000000062,Rajahmundry,"2025-11-04 10:27:09"
66,"Rohini L",9000000063,Warangal,"2025-11-04 10:27:09"
67,"Praveen N",9000000064,Hyderabad,"2025-11-04 10:27:09"
68,"Varun R",9000000065,Guntur,"2025-11-04 10:27:09"
69,"Sneha K",9000000066,Vizag,"2025-11-04 10:27:09"
70,"Akhila M",9000000067,Vijayawada,"2025-11-04 10:27:09"
71,"Suresh B",9000000068,Rajahmundry,"2025-11-04 10:27:09"
72,"Ananya T",9000000069,Hyderabad,"2025-11-04 10:27:09"
73,"Venu G",9000000070,Warangal,"2025-11-04 10:27:09"
74,"Lakshmi S",9000000071,Vizag,"2025-11-04 10:27:09"
75,"Vikram D",9000000072,Tirupati,"2025-11-04 10:27:09"
76,"Sindhu G",9000000073,Hyderabad,"2025-11-04 10:27:09"
77,"Nikhil K",9000000074,Vijayawada,"2025-11-04 10:27:09"
78,"Bharath R",9000000075,Vizag,"2025-11-04 10:27:09"
79,"Pavani P",9000000076,Guntur,"2025-11-04 10:27:09"
80,"Aman V",9000000077,Rajahmundry,"2025-11-04 10:27:09"
81,"Chaitanya S",9000000078,Hyderabad,"2025-11-04 10:27:09"
82,"Nandini L",9000000079,Vijayawada,"2025-11-04 10:27:09"
83,"Suraj R",9000000080,Vizag,"2025-11-04 10:27:09"
84,"Haritha K",9000000081,Hyderabad,"2025-11-04 10:27:09"
85,"Lokesh M",9000000082,Rajahmundry,"2025-11-04 10:27:09"
86,"Sita Devi",9000000083,Warangal,"2025-11-04 10:27:09"
87,"Aravind R",9000000084,Tirupati,"2025-11-04 10:27:09"
88,"Lavina P",9000000085,Hyderabad,"2025-11-04 10:27:09"
89,"Manisha G",9000000086,Vizag,"2025-11-04 10:27:09"
90,"Ravi Teja",9000000087,Guntur,"2025-11-04 10:27:09"
91,"Bhavya L",9000000088,Vijayawada,"2025-11-04 10:27:09"
92,"Rajesh P",9000000089,Rajahmundry,"2025-11-04 10:27:09"
93,"Snehal D",9000000090,Vizag,"2025-11-04 10:27:09"
94,"Naveen V",9000000091,Hyderabad,"2025-11-04 10:27:09"
95,"Kusuma K",9000000092,Vijayawada,"2025-11-04 10:27:09"
96,"Ramesh R",9000000093,Vizag,"2025-11-04 10:27:09"
97,"Anitha G",9000000094,Guntur,"2025-11-04 10:27:09"
98,"Surendra K",9000000095,Rajahmundry,"2025-11-04 10:27:09"
99,"Neelima S",9000000096,Tirupati,"2025-11-04 10:27:09"
100,"Sathish R",9000000097,Hyderabad,"2025-11-04 10:27:09"
101,"Divakar G",9000000098,Vijayawada,"2025-11-04 10:27:09"
102,"Mounika P",9000000099,Vizag,"2025-11-04 10:27:09"
103,"Teja K",9000000100,Warangal,"2025-11-04 10:27:09"
104,"Ajay Kumar",9000000101,Hyderabad,"2025-11-04 10:29:04"
105,"Sowmya R",9000000102,Vijayawada,"2025-11-04 10:29:04"
106,"Bala Krishna",9000000103,Vizag,"2025-11-04 10:29:04"
107,"Deepthi P",9000000104,Rajahmundry,"2025-11-04 10:29:04"
108,"Sai Ram",9000000105,Guntur,"2025-11-04 10:29:04"
109,"Madhuri K",9000000106,Warangal,"2025-11-04 10:29:04"
110,"Karthika S",9000000107,Hyderabad,"2025-11-04 10:29:04"
111,"Ravi Shankar",9000000108,Tirupati,"2025-11-04 10:29:04"
112,"Shalini N",9000000109,Vizag,"2025-11-04 10:29:04"
113,"Sunil V",9000000110,Vijayawada,"2025-11-04 10:29:04"
114,"Rajani G",9000000111,Guntur,"2025-11-04 10:29:04"
115,"Lokesh R",9000000112,Rajahmundry,"2025-11-04 10:29:04"
116,"Meghna D",9000000113,Vizag,"2025-11-04 10:29:04"
117,"Rithika K",9000000114,Hyderabad,"2025-11-04 10:29:04"
118,"Chaitra S",9000000115,Vijayawada,"2025-11-04 10:29:04"
119,"Suman K",9000000116,Tirupati,"2025-11-04 10:29:04"
120,"Vikas N",9000000117,Vizag,"2025-11-04 10:29:04"
121,"Manasa P",9000000118,Guntur,"2025-11-04 10:29:04"
122,"Ajitha L",9000000119,Rajahmundry,"2025-11-04 10:29:04"
123,"Dharani G",9000000120,Hyderabad,"2025-11-04 10:29:04"
124,"Mohan V",9000000121,Vizag,"2025-11-04 10:29:04"
125,"Renu S",9000000122,Vijayawada,"2025-11-04 10:29:04"
126,"Pallavi R",9000000123,Warangal,"2025-11-04 10:29:04"
127,"Arvind B",9000000124,Rajahmundry,"2025-11-04 10:29:04"
128,"Santhosh K",9000000125,Hyderabad,"2025-11-04 10:29:04"
129,"Bhavana S",9000000126,Vizag,"2025-11-04 10:29:04"
130,"Preethi G",9000000127,Vijayawada,"2025-11-04 10:29:04"
131,"Naveen Kumar",9000000128,Guntur,"2025-11-04 10:29:04"
132,"Jahnavi T",9000000129,Rajahmundry,"2025-11-04 10:29:04"
133,"Ramesh K",9000000130,Hyderabad,"2025-11-04 10:29:04"
134,"Usha Devi",9000000131,Vizag,"2025-11-04 10:29:04"
135,"Harsha S",9000000132,Vijayawada,"2025-11-04 10:29:04"
136,"Tejashwini P",9000000133,Warangal,"2025-11-04 10:29:04"
137,"Chandrika N",9000000134,Rajahmundry,"2025-11-04 10:29:04"
138,"Anand G",9000000135,Guntur,"2025-11-04 10:29:04"
139,"Rohit T",9000000136,Vizag,"2025-11-04 10:29:04"
140,"Sindhura M",9000000137,Hyderabad,"2025-11-04 10:29:04"
141,"Pavan Sai",9000000138,Vijayawada,"2025-11-04 10:29:04"
142,"Snehalatha R",9000000139,Rajahmundry,"2025-11-04 10:29:04"
143,"Surendra B",9000000140,Vizag,"2025-11-04 10:29:04"
144,"Kusuma P",9000000141,Hyderabad,"2025-11-04 10:29:04"
145,"Rithesh G",9000000142,Guntur,"2025-11-04 10:29:04"
146,"Harika D",9000000143,Vijayawada,"2025-11-04 10:29:04"
147,"Mohan Krishna",9000000144,Vizag,"2025-11-04 10:29:04"
148,"Sravya L",9000000145,Rajahmundry,"2025-11-04 10:29:04"
149,"Vinod R",9000000146,Hyderabad,"2025-11-04 10:29:04"
150,"Lavanya S",9000000147,Tirupati,"2025-11-04 10:29:04"
151,"Mahesh K",9000000148,Vizag,"2025-11-04 10:29:04"
152,"Deepa N",9000000149,Vijayawada,"2025-11-04 10:29:04"
153,"Anil G",9000000150,Guntur,"2025-11-04 10:29:04"
154,"Sridevi R",9000000151,Rajahmundry,"2025-11-04 10:29:04"
155,"Tarun S",9000000152,Vizag,"2025-11-04 10:29:04"
156,"Hema L",9000000153,Hyderabad,"2025-11-04 10:29:04"
157,"Kiran Kumar",9000000154,Vijayawada,"2025-11-04 10:29:04"
158,"Bhargavi G",9000000155,Rajahmundry,"2025-11-04 10:29:04"
159,"Sandeep R",9000000156,Vizag,"2025-11-04 10:29:04"
160,"Niharika K",9000000157,Guntur,"2025-11-04 10:29:04"
161,"Ravi Kishore",9000000158,Hyderabad,"2025-11-04 10:29:04"
162,"Anusha D",9000000159,Vijayawada,"2025-11-04 10:29:04"
163,"Chaitanya R",9000000160,Vizag,"2025-11-04 10:29:04"
164,"Keerthana P",9000000161,Rajahmundry,"2025-11-04 10:29:04"
165,"Sumanth G",9000000162,Guntur,"2025-11-04 10:29:04"
166,"Divya K",9000000163,Vizag,"2025-11-04 10:29:04"
167,"Siva Prasad",9000000164,Hyderabad,"2025-11-04 10:29:04"
168,"Triveni S",9000000165,Vijayawada,"2025-11-04 10:29:04"
169,"Abhilash V",9000000166,Rajahmundry,"2025-11-04 10:29:04"
170,"Harini M",9000000167,Vizag,"2025-11-04 10:29:04"
171,"Rohit Kumar",9000000168,Guntur,"2025-11-04 10:29:04"
172,"Manjula R",9000000169,Hyderabad,"2025-11-04 10:29:04"
173,"Srujan P",9000000170,Vijayawada,"2025-11-04 10:29:04"
174,"Sindhu T",9000000171,Vizag,"2025-11-04 10:29:04"
175,"Vineeth N",9000000172,Rajahmundry,"2025-11-04 10:29:04"
176,"Priyanka G",9000000173,Guntur,"2025-11-04 10:29:04"
177,"Aman K",9000000174,Hyderabad,"2025-11-04 10:29:04"
178,"Rakesh T",9000000175,Vizag,"2025-11-04 10:29:04"
179,"Jahnavi R",9000000176,Vijayawada,"2025-11-04 10:29:04"
180,"Sridhar G",9000000177,Warangal,"2025-11-04 10:29:04"
181,"Aishwarya N",9000000178,Rajahmundry,"2025-11-04 10:29:04"
182,"Dinesh P",9000000179,Guntur,"2025-11-04 10:29:04"
183,"Meena K",9000000180,Vizag,"2025-11-04 10:29:04"
184,"Sai Charan",9000000181,Hyderabad,"2025-11-04 10:29:04"
185,"Swathi G",9000000182,Vijayawada,"2025-11-04 10:29:04"
186,"Naveena R",9000000183,Vizag,"2025-11-04 10:29:04"
187,"Manikanta D",9000000184,Rajahmundry,"2025-11-04 10:29:04"
188,"Pallavi M",9000000185,Guntur,"2025-11-04 10:29:04"
189,"Ravi Teja",9000000186,Hyderabad,"2025-11-04 10:29:04"
190,"Bhavana K",9000000187,Vizag,"2025-11-04 10:29:04"
191,"Anand R",9000000188,Vijayawada,"2025-11-04 10:29:04"
192,"Mounika S",9000000189,Rajahmundry,"2025-11-04 10:29:04"
193,"Prasad K",9000000190,Guntur,"2025-11-04 10:29:04"
194,"Haritha N",9000000191,Vizag,"2025-11-04 10:29:04"
195,"Suraj G",9000000192,Hyderabad,"2025-11-04 10:29:04"
196,"Tejaswi L",9000000193,Vijayawada,"2025-11-04 10:29:04"
197,"Kusuma R",9000000194,Vizag,"2025-11-04 10:29:04"
198,"Vinay Kumar",9000000195,Rajahmundry,"2025-11-04 10:29:04"
199,"Sowjanya G",9000000196,Hyderabad,"2025-11-04 10:29:04"
200,"Arun V",9000000197,Vijayawada,"2025-11-04 10:29:04"
201,"Pooja S",9000000198,Vizag,"2025-11-04 10:29:04"
202,"Karthik R",9000000199,Guntur,"2025-11-04 10:29:04"
203,"Sneha G",9000000200,Rajahmundry,"2025-11-04 10:29:04"
204,"Rohini P",9000000201,Hyderabad,"2025-11-04 10:30:19"
205,"Kiran Raj",9000000202,Vijayawada,"2025-11-04 10:30:19"
206,"Sravani T",9000000203,Vizag,"2025-11-04 10:30:19"
207,"Venu Gopal",9000000204,Rajahmundry,"2025-11-04 10:30:19"
208,"Lakshmi R",9000000205,Guntur,"2025-11-04 10:30:19"
209,"Anand K",9000000206,Hyderabad,"2025-11-04 10:30:19"
210,"Meghana D",9000000207,Vizag,"2025-11-04 10:30:19"
211,"Ravi Teja",9000000208,Vijayawada,"2025-11-04 10:30:19"
212,"Sandhya S",9000000209,Warangal,"2025-11-04 10:30:19"
213,"Bharath R",9000000210,Rajahmundry,"2025-11-04 10:30:19"
214,"Kusuma K",9000000211,Vizag,"2025-11-04 10:30:19"
215,"Teja S",9000000212,Hyderabad,"2025-11-04 10:30:19"
216,"Dharani L",9000000213,Vijayawada,"2025-11-04 10:30:19"
217,"Vamsi K",9000000214,Vizag,"2025-11-04 10:30:19"
218,"Manasa R",9000000215,Rajahmundry,"2025-11-04 10:30:19"
219,"Rohit S",9000000216,Guntur,"2025-11-04 10:30:19"
220,"Sindhu N",9000000217,Vizag,"2025-11-04 10:30:19"
221,"Ajay K",9000000218,Hyderabad,"2025-11-04 10:30:19"
222,"Pavani G",9000000219,Vijayawada,"2025-11-04 10:30:19"
223,"Rajesh T",9000000220,Vizag,"2025-11-04 10:30:19"
224,"Suma L",9000000221,Rajahmundry,"2025-11-04 10:30:19"
225,"Harish K",9000000222,Guntur,"2025-11-04 10:30:19"
226,"Bhavana D",9000000223,Vizag,"2025-11-04 10:30:19"
227,"Sandeep R",9000000224,Hyderabad,"2025-11-04 10:30:19"
228,"Divya S",9000000225,Vijayawada,"2025-11-04 10:30:19"
229,"Karthik T",9000000226,Vizag,"2025-11-04 10:30:19"
230,"Niharika P",9000000227,Rajahmundry,"2025-11-04 10:30:19"
231,"Ramesh G",9000000228,Guntur,"2025-11-04 10:30:19"
232,"Snehalatha V",9000000229,Vizag,"2025-11-04 10:30:19"
233,"Rohini K",9000000230,Hyderabad,"2025-11-04 10:30:19"
234,"Sridhar P",9000000231,Vijayawada,"2025-11-04 10:30:19"
235,"Keerthana L",9000000232,Vizag,"2025-11-04 10:30:19"
236,"Ravi Kumar",9000000233,Rajahmundry,"2025-11-04 10:30:19"
237,"Anusha D",9000000234,Guntur,"2025-11-04 10:30:19"
238,"Sumanth V",9000000235,Vizag,"2025-11-04 10:30:19"
239,"Madhuri S",9000000236,Hyderabad,"2025-11-04 10:30:19"
240,"Arjun K",9000000237,Vijayawada,"2025-11-04 10:30:19"
241,"Priya G",9000000238,Vizag,"2025-11-04 10:30:19"
242,"Lokesh R",9000000239,Rajahmundry,"2025-11-04 10:30:19"
243,"Harika P",9000000240,Guntur,"2025-11-04 10:30:19"
244,"Manoj T",9000000241,Vizag,"2025-11-04 10:30:19"
245,"Swathi D",9000000242,Hyderabad,"2025-11-04 10:30:19"
246,"Sai Kiran",9000000243,Vijayawada,"2025-11-04 10:30:19"
247,"Deepa R",9000000244,Vizag,"2025-11-04 10:30:19"
248,"Chaitanya L",9000000245,Rajahmundry,"2025-11-04 10:30:19"
249,"Sowmya N",9000000246,Guntur,"2025-11-04 10:30:19"
250,"Mahesh G",9000000247,Vizag,"2025-11-04 10:30:19"
251,"Lavanya T",9000000248,Hyderabad,"2025-11-04 10:30:19"
252,"Naveen P",9000000249,Vijayawada,"2025-11-04 10:30:19"
253,"Pooja R",9000000250,Vizag,"2025-11-04 10:30:19"
254,"Tejaswi G",9000000251,Rajahmundry,"2025-11-04 10:30:19"
255,"Rohit N",9000000252,Guntur,"2025-11-04 10:30:19"
256,"Sindhura P",9000000253,Vizag,"2025-11-04 10:30:19"
257,"Anil K",9000000254,Hyderabad,"2025-11-04 10:30:19"
258,"Divya L",9000000255,Vijayawada,"2025-11-04 10:30:19"
259,"Vinay R",9000000256,Vizag,"2025-11-04 10:30:19"
260,"Keerthi S",9000000257,Rajahmundry,"2025-11-04 10:30:19"
261,"Ravi Shankar",9000000258,Guntur,"2025-11-04 10:30:19"
262,"Swetha D",9000000259,Vizag,"2025-11-04 10:30:19"
263,"Tarun V",9000000260,Hyderabad,"2025-11-04 10:30:19"
264,"Bhavani K",9000000261,Vijayawada,"2025-11-04 10:30:19"
265,"Srujan P",9000000262,Vizag,"2025-11-04 10:30:19"
266,"Meena G",9000000263,Rajahmundry,"2025-11-04 10:30:19"
267,"Sai Krishna",9000000264,Guntur,"2025-11-04 10:30:19"
268,"Anjali R",9000000265,Vizag,"2025-11-04 10:30:19"
269,"Manikanta L",9000000266,Hyderabad,"2025-11-04 10:30:19"
270,"Haritha S",9000000267,Vijayawada,"2025-11-04 10:30:19"
271,"Prasad G",9000000268,Vizag,"2025-11-04 10:30:19"
272,"Aishwarya P",9000000269,Rajahmundry,"2025-11-04 10:30:19"
273,"Suresh R",9000000270,Guntur,"2025-11-04 10:30:19"
274,"Triveni L",9000000271,Vizag,"2025-11-04 10:30:19"
275,"Raghu K",9000000272,Hyderabad,"2025-11-04 10:30:19"
276,"Sangeetha G",9000000273,Vijayawada,"2025-11-04 10:30:19"
277,"Kavya P",9000000274,Vizag,"2025-11-04 10:30:19"
278,"Srikanth D",9000000275,Rajahmundry,"2025-11-04 10:30:19"
279,"Rekha N",9000000276,Guntur,"2025-11-04 10:30:19"
280,"Vikas R",9000000277,Vizag,"2025-11-04 10:30:19"
281,"Anusha S",9000000278,Hyderabad,"2025-11-04 10:30:19"
282,"Chandu T",9000000279,Vijayawada,"2025-11-04 10:30:19"
283,"Sneha G",9000000280,Vizag,"2025-11-04 10:30:19"
284,"Rohith K",9000000281,Rajahmundry,"2025-11-04 10:30:19"
285,"Bhargavi L",9000000282,Guntur,"2025-11-04 10:30:19"
286,"Pavan S",9000000283,Vizag,"2025-11-04 10:30:19"
287,"Sujatha D",9000000284,Hyderabad,"2025-11-04 10:30:19"
288,"Ravi Kiran",9000000285,Vijayawada,"2025-11-04 10:30:19"
289,"Harika G",9000000286,Vizag,"2025-11-04 10:30:19"
290,"Srinu R",9000000287,Rajahmundry,"2025-11-04 10:30:19"
291,"Mounika T",9000000288,Guntur,"2025-11-04 10:30:19"
292,"Nikhil V",9000000289,Vizag,"2025-11-04 10:30:19"
293,"Sowjanya P",9000000290,Hyderabad,"2025-11-04 10:30:19"
294,"Manoj G",9000000291,Vijayawada,"2025-11-04 10:30:19"
295,"Rithika L",9000000292,Vizag,"2025-11-04 10:30:19"
296,"Ravi Teja",9000000293,Rajahmundry,"2025-11-04 10:30:19"
297,"Aparna R",9000000294,Guntur,"2025-11-04 10:30:19"
298,"Suresh K",9000000295,Vizag,"2025-11-04 10:30:19"
299,"Tejaswini D",9000000296,Hyderabad,"2025-11-04 10:30:19"
300,"Sathish P",9000000297,Vijayawada,"2025-11-04 10:30:19"
301,"Niharika G",9000000298,Vizag,"2025-11-04 10:30:19"
302,"Krishna R",9000000299,Rajahmundry,"2025-11-04 10:30:19"
303,"Sindhu K",9000000300,Guntur,"2025-11-04 10:30:19"
304,"Ajay R",9000000301,Hyderabad,"2025-11-04 10:30:57"
305,"Divya S",9000000302,Vizag,"2025-11-04 10:30:57"
306,"Kiran K",9000000303,Vijayawada,"2025-11-04 10:30:57"
307,"Harika L",9000000304,Rajahmundry,"2025-11-04 10:30:57"
308,"Suresh T",9000000305,Guntur,"2025-11-04 10:30:57"
309,"Meghana N",9000000306,Vizag,"2025-11-04 10:30:57"
310,"Aravind P",9000000307,Hyderabad,"2025-11-04 10:30:57"
311,"Sindhu G",9000000308,Vijayawada,"2025-11-04 10:30:57"
312,"Rahul D",9000000309,Vizag,"2025-11-04 10:30:57"
313,"Bhavana R",9000000310,Rajahmundry,"2025-11-04 10:30:57"
314,"Lokesh K",9000000311,Guntur,"2025-11-04 10:30:57"
315,"Mounika S",9000000312,Vizag,"2025-11-04 10:30:57"
316,"Anil V",9000000313,Hyderabad,"2025-11-04 10:30:57"
317,"Pooja L",9000000314,Vijayawada,"2025-11-04 10:30:57"
318,"Ravi G",9000000315,Vizag,"2025-11-04 10:30:57"
319,"Lavanya T",9000000316,Rajahmundry,"2025-11-04 10:30:57"
320,"Tarun S",9000000317,Guntur,"2025-11-04 10:30:57"
321,"Kusuma D",9000000318,Vizag,"2025-11-04 10:30:57"
322,"Rohith R",9000000319,Hyderabad,"2025-11-04 10:30:57"
323,"Keerthi N",9000000320,Vijayawada,"2025-11-04 10:30:57"
324,"Sandeep P",9000000321,Vizag,"2025-11-04 10:30:57"
325,"Manasa L",9000000322,Rajahmundry,"2025-11-04 10:30:57"
326,"Sai Charan",9000000323,Guntur,"2025-11-04 10:30:57"
327,"Sravani G",9000000324,Vizag,"2025-11-04 10:30:57"
328,"Vinay K",9000000325,Hyderabad,"2025-11-04 10:30:57"
329,"Aishwarya D",9000000326,Vijayawada,"2025-11-04 10:30:57"
330,"Ramesh T",9000000327,Vizag,"2025-11-04 10:30:57"
331,"Bhargavi S",9000000328,Rajahmundry,"2025-11-04 10:30:57"
332,"Chaitanya K",9000000329,Guntur,"2025-11-04 10:30:57"
333,"Niharika R",9000000330,Vizag,"2025-11-04 10:30:57"
334,"Sridhar L",9000000331,Hyderabad,"2025-11-04 10:30:57"
335,"Triveni G",9000000332,Vijayawada,"2025-11-04 10:30:57"
336,"Karthik N",9000000333,Vizag,"2025-11-04 10:30:57"
337,"Priya T",9000000334,Rajahmundry,"2025-11-04 10:30:57"
338,"Ravi Teja",9000000335,Guntur,"2025-11-04 10:30:57"
339,"Swetha R",9000000336,Vizag,"2025-11-04 10:30:57"
340,"Harish D",9000000337,Hyderabad,"2025-11-04 10:30:57"
341,"Sowmya K",9000000338,Vijayawada,"2025-11-04 10:30:57"
342,"Ajith P",9000000339,Vizag,"2025-11-04 10:30:57"
343,"Divya N",9000000340,Rajahmundry,"2025-11-04 10:30:57"
344,"Suraj R",9000000341,Guntur,"2025-11-04 10:30:57"
345,"Keerthana T",9000000342,Vizag,"2025-11-04 10:30:57"
346,"Prasad G",9000000343,Hyderabad,"2025-11-04 10:30:57"
347,"Anusha L",9000000344,Vijayawada,"2025-11-04 10:30:57"
348,"Manikanta S",9000000345,Vizag,"2025-11-04 10:30:57"
349,"Sindhura K",9000000346,Rajahmundry,"2025-11-04 10:30:57"
350,"Raghu V",9000000347,Guntur,"2025-11-04 10:30:57"
351,"Haritha P",9000000348,Vizag,"2025-11-04 10:30:57"
352,"Venkatesh R",9000000349,Hyderabad,"2025-11-04 10:30:57"
353,"Pallavi G",9000000350,Vijayawada,"2025-11-04 10:30:57"
354,"Rohit S",9000000351,Vizag,"2025-11-04 10:30:57"
355,"Meena L",9000000352,Rajahmundry,"2025-11-04 10:30:57"
356,"Suman K",9000000353,Guntur,"2025-11-04 10:30:57"
357,"Kusuma R",9000000354,Vizag,"2025-11-04 10:30:57"
358,"Teja P",9000000355,Hyderabad,"2025-11-04 10:30:57"
359,"Jahnavi D",9000000356,Vijayawada,"2025-11-04 10:30:57"
360,"Ravi Kumar",9000000357,Vizag,"2025-11-04 10:30:57"
361,"Harika T",9000000358,Rajahmundry,"2025-11-04 10:30:57"
362,"Vikas G",9000000359,Guntur,"2025-11-04 10:30:57"
363,"Swathi R",9000000360,Vizag,"2025-11-04 10:30:57"
364,"Anand K",9000000361,Hyderabad,"2025-11-04 10:30:57"
365,"Mounika D",9000000362,Vijayawada,"2025-11-04 10:30:57"
366,"Pavan S",9000000363,Vizag,"2025-11-04 10:30:57"
367,"Rithika N",9000000364,Rajahmundry,"2025-11-04 10:30:57"
368,"Ramesh P",9000000365,Guntur,"2025-11-04 10:30:57"
369,"Keerthana R",9000000366,Vizag,"2025-11-04 10:30:57"
370,"Lokesh D",9000000367,Hyderabad,"2025-11-04 10:30:57"
371,"Bhavana L",9000000368,Vijayawada,"2025-11-04 10:30:57"
372,"Sai Kiran",9000000369,Vizag,"2025-11-04 10:30:57"
373,"Deepthi T",9000000370,Rajahmundry,"2025-11-04 10:30:57"
374,"Arjun G",9000000371,Guntur,"2025-11-04 10:30:57"
375,"Anjali N",9000000372,Vizag,"2025-11-04 10:30:57"
376,"Harsha K",9000000373,Hyderabad,"2025-11-04 10:30:57"
377,"Sindhu P",9000000374,Vijayawada,"2025-11-04 10:30:57"
378,"Tejaswi R",9000000375,Vizag,"2025-11-04 10:30:57"
379,"Manoj L",9000000376,Rajahmundry,"2025-11-04 10:30:57"
380,"Naveen T",9000000377,Guntur,"2025-11-04 10:30:57"
381,"Lavanya G",9000000378,Vizag,"2025-11-04 10:30:57"
382,"Sridhar P",9000000379,Hyderabad,"2025-11-04 10:30:57"
383,"Harini R",9000000380,Vijayawada,"2025-11-04 10:30:57"
384,"Ravi K",9000000381,Vizag,"2025-11-04 10:30:57"
385,"Sujatha D",9000000382,Rajahmundry,"2025-11-04 10:30:57"
386,"Suresh N",9000000383,Guntur,"2025-11-04 10:30:57"
387,"Bhargavi S",9000000384,Vizag,"2025-11-04 10:30:57"
388,"Ajay T",9000000385,Hyderabad,"2025-11-04 10:30:57"
389,"Divya G",9000000386,Vijayawada,"2025-11-04 10:30:57"
390,"Prasad R",9000000387,Vizag,"2025-11-04 10:30:57"
391,"Anusha L",9000000388,Rajahmundry,"2025-11-04 10:30:57"
392,"Rohith K",9000000389,Guntur,"2025-11-04 10:30:57"
393,"Sowjanya P",9000000390,Vizag,"2025-11-04 10:30:57"
394,"Karthik R",9000000391,Hyderabad,"2025-11-04 10:30:57"
395,"Tejaswini D",9000000392,Vijayawada,"2025-11-04 10:30:57"
396,"Niharika S",9000000393,Vizag,"2025-11-04 10:30:57"
397,"Krishna T",9000000394,Rajahmundry,"2025-11-04 10:30:57"
398,"Ramesh G",9000000395,Guntur,"2025-11-04 10:30:57"
399,"Swetha K",9000000396,Vizag,"2025-11-04 10:30:57"
400,"Manasa R",9000000397,Hyderabad,"2025-11-04 10:30:57"
401,"Sridhar L",9000000398,Vijayawada,"2025-11-04 10:30:57"
402,"Keerthi P",9000000399,Vizag,"2025-11-04 10:30:57"
403,"Harika D",9000000400,Rajahmundry,"2025-11-04 10:30:57"
404,"Ajay Kumar",9000000401,Hyderabad,"2025-11-04 10:33:01"
405,"Divya Sri",9000000402,Vizag,"2025-11-04 10:33:01"
406,"Kiran Kumar",9000000403,Vijayawada,"2025-11-04 10:33:01"
407,"Harika R",9000000404,Rajahmundry,"2025-11-04 10:33:01"
408,"Suresh B",9000000405,Guntur,"2025-11-04 10:33:01"
409,"Meghana T",9000000406,Vizag,"2025-11-04 10:33:01"
410,"Aravind R",9000000407,Hyderabad,"2025-11-04 10:33:01"
411,"Sindhu P",9000000408,Vijayawada,"2025-11-04 10:33:01"
412,"Rahul K",9000000409,Vizag,"2025-11-04 10:33:01"
413,"Bhavana L",9000000410,Rajahmundry,"2025-11-04 10:33:01"
414,"Lokesh T",9000000411,Guntur,"2025-11-04 10:33:01"
415,"Mounika D",9000000412,Vizag,"2025-11-04 10:33:01"
416,"Anil K",9000000413,Hyderabad,"2025-11-04 10:33:01"
417,"Pooja S",9000000414,Vijayawada,"2025-11-04 10:33:01"
418,"Ravi T",9000000415,Vizag,"2025-11-04 10:33:01"
419,"Lavanya K",9000000416,Rajahmundry,"2025-11-04 10:33:01"
420,"Tarun R",9000000417,Guntur,"2025-11-04 10:33:01"
421,"Kusuma N",9000000418,Vizag,"2025-11-04 10:33:01"
422,"Rohith P",9000000419,Hyderabad,"2025-11-04 10:33:01"
423,"Keerthi D",9000000420,Vijayawada,"2025-11-04 10:33:01"
424,"Sandeep T",9000000421,Vizag,"2025-11-04 10:33:01"
425,"Manasa R",9000000422,Rajahmundry,"2025-11-04 10:33:01"
426,"Sai Charan",9000000423,Guntur,"2025-11-04 10:33:01"
427,"Sravani T",9000000424,Vizag,"2025-11-04 10:33:01"
428,"Vinay K",9000000425,Hyderabad,"2025-11-04 10:33:01"
429,"Aishwarya G",9000000426,Vijayawada,"2025-11-04 10:33:01"
430,"Ramesh D",9000000427,Vizag,"2025-11-04 10:33:01"
431,"Bhargavi R",9000000428,Rajahmundry,"2025-11-04 10:33:01"
432,"Chaitanya T",9000000429,Guntur,"2025-11-04 10:33:01"
433,"Niharika S",9000000430,Vizag,"2025-11-04 10:33:01"
434,"Sridhar P",9000000431,Hyderabad,"2025-11-04 10:33:01"
435,"Triveni L",9000000432,Vijayawada,"2025-11-04 10:33:01"
436,"Karthik R",9000000433,Vizag,"2025-11-04 10:33:01"
437,"Priya T",9000000434,Rajahmundry,"2025-11-04 10:33:01"
438,"Ravi Teja",9000000435,Guntur,"2025-11-04 10:33:01"
439,"Swetha D",9000000436,Vizag,"2025-11-04 10:33:01"
440,"Harish K",9000000437,Hyderabad,"2025-11-04 10:33:01"
441,"Sowmya T",9000000438,Vijayawada,"2025-11-04 10:33:01"
442,"Ajith R",9000000439,Vizag,"2025-11-04 10:33:01"
443,"Divya P",9000000440,Rajahmundry,"2025-11-04 10:33:01"
444,"Suraj L",9000000441,Guntur,"2025-11-04 10:33:01"
445,"Keerthana G",9000000442,Vizag,"2025-11-04 10:33:01"
446,"Prasad T",9000000443,Hyderabad,"2025-11-04 10:33:01"
447,"Anusha R",9000000444,Vijayawada,"2025-11-04 10:33:01"
448,"Manikanta P",9000000445,Vizag,"2025-11-04 10:33:01"
449,"Sindhura L",9000000446,Rajahmundry,"2025-11-04 10:33:01"
450,"Raghu R",9000000447,Guntur,"2025-11-04 10:33:01"
451,"Haritha D",9000000448,Vizag,"2025-11-04 10:33:01"
452,"Venkatesh K",9000000449,Hyderabad,"2025-11-04 10:33:01"
453,"Pallavi G",9000000450,Vijayawada,"2025-11-04 10:33:01"
454,"Rohit S",9000000451,Vizag,"2025-11-04 10:33:01"
455,"Meena T",9000000452,Rajahmundry,"2025-11-04 10:33:01"
456,"Suman P",9000000453,Guntur,"2025-11-04 10:33:01"
457,"Kusuma R",9000000454,Vizag,"2025-11-04 10:33:01"
458,"Teja L",9000000455,Hyderabad,"2025-11-04 10:33:01"
459,"Jahnavi K",9000000456,Vijayawada,"2025-11-04 10:33:01"
460,"Ravi Kumar",9000000457,Vizag,"2025-11-04 10:33:01"
461,"Harika T",9000000458,Rajahmundry,"2025-11-04 10:33:01"
462,"Vikas G",9000000459,Guntur,"2025-11-04 10:33:01"
463,"Swathi N",9000000460,Vizag,"2025-11-04 10:33:01"
464,"Anand K",9000000461,Hyderabad,"2025-11-04 10:33:01"
465,"Mounika L",9000000462,Vijayawada,"2025-11-04 10:33:01"
466,"Pavan S",9000000463,Vizag,"2025-11-04 10:33:01"
467,"Rithika T",9000000464,Rajahmundry,"2025-11-04 10:33:01"
468,"Ramesh G",9000000465,Guntur,"2025-11-04 10:33:01"
469,"Keerthana R",9000000466,Vizag,"2025-11-04 10:33:01"
470,"Lokesh P",9000000467,Hyderabad,"2025-11-04 10:33:01"
471,"Bhavana D",9000000468,Vijayawada,"2025-11-04 10:33:01"
472,"Sai Kiran",9000000469,Vizag,"2025-11-04 10:33:01"
473,"Deepthi L",9000000470,Rajahmundry,"2025-11-04 10:33:01"
474,"Arjun T",9000000471,Guntur,"2025-11-04 10:33:01"
475,"Anjali P",9000000472,Vizag,"2025-11-04 10:33:01"
476,"Harsha K",9000000473,Hyderabad,"2025-11-04 10:33:01"
477,"Sindhu R",9000000474,Vijayawada,"2025-11-04 10:33:01"
478,"Tejaswi G",9000000475,Vizag,"2025-11-04 10:33:01"
479,"Manoj D",9000000476,Rajahmundry,"2025-11-04 10:33:01"
480,"Naveen R",9000000477,Guntur,"2025-11-04 10:33:01"
481,"Lavanya P",9000000478,Vizag,"2025-11-04 10:33:01"
482,"Sridhar T",9000000479,Hyderabad,"2025-11-04 10:33:01"
483,"Harini S",9000000480,Vijayawada,"2025-11-04 10:33:01"
484,"Ravi K",9000000481,Vizag,"2025-11-04 10:33:01"
485,"Sujatha L",9000000482,Rajahmundry,"2025-11-04 10:33:01"
486,"Suresh N",9000000483,Guntur,"2025-11-04 10:33:01"
487,"Bhargavi D",9000000484,Vizag,"2025-11-04 10:33:01"
488,"Ajay R",9000000485,Hyderabad,"2025-11-04 10:33:01"
489,"Divya G",9000000486,Vijayawada,"2025-11-04 10:33:01"
490,"Prasad K",9000000487,Vizag,"2025-11-04 10:33:01"
491,"Anusha T",9000000488,Rajahmundry,"2025-11-04 10:33:01"
492,"Rohith L",9000000489,Guntur,"2025-11-04 10:33:01"
493,"Sowjanya P",9000000490,Vizag,"2025-11-04 10:33:01"
494,"Karthik N",9000000491,Hyderabad,"2025-11-04 10:33:01"
495,"Tejaswini D",9000000492,Vijayawada,"2025-11-04 10:33:01"
496,"Niharika R",9000000493,Vizag,"2025-11-04 10:33:01"
497,"Krishna G",9000000494,Rajahmundry,"2025-11-04 10:33:01"
498,"Ramesh P",9000000495,Guntur,"2025-11-04 10:33:01"
499,"Swetha L",9000000496,Vizag,"2025-11-04 10:33:01"
500,"Manasa R",9000000497,Hyderabad,"2025-11-04 10:33:01"
